segment_label,count,rmse,mae,mape,median_abs_error,mean_signed_error
segment_0,9462,82310.03141824408,56942.562158172164,13.338388276823121,40746.921875,8352.44898013105
segment_2,4745,52029.96625531807,35243.261288198104,11.25403587489647,24010.96875,2140.4564409905165
segment_1,4650,198994.63173295566,114671.59445564516,11.942692795160593,62782.8125,18848.970987903227
