segment_label,count,empirical_coverage,average_interval_width,median_interval_width
segment_0,9462,0.9430352990911013,309815.2977171845,280152.5
segment_2,4745,0.9742887249736565,280752.2521601686,280152.5
segment_1,4650,0.9212903225806451,598135.1164516129,635880.5
