segment_label,within_expected_range,potentially_over_valued,potentially_under_valued,insufficient_history,count,over_rate,under_rate,within_rate,insufficient_rate
segment_0,8923,367,172,1551,11013,0.033324253155361847,0.015617906110959775,0.8102242803958958,0.14083356033778263
segment_1,4284,245,121,863,5513,0.04444041356793035,0.021948122619263558,0.7770723743878106,0.15653908942499548
segment_2,4623,79,43,682,5427,0.014556845402616547,0.007923346231803944,0.8518518518518519,0.12566795651372767
