{
  "average_interval_width": 309509.04325396847,
  "empirical_coverage": 0.8858377044122184,
  "q_hat": 154754.52162698423
}