model_name,validation_rmse,validation_mae,validation_mape,validation_r2,test_rmse,test_mae,test_mape,test_r2
random_forest,129084.55038257678,70975.28957140997,13.505059258326288,0.8593851075041401,147002.4512449295,79150.1726926637,13.246161507849132,0.8476432376371759
linear_regression,147987.9842948893,95296.02209335766,20.49789865956106,0.8151856471062395,177181.17692453202,100810.0635157974,19.21062609366783,0.7786661969734643
